user_id,name,email,phone,age,city,profession,social_score,app_usage_score,bill_payment_score,recharge_pattern_score,is_defaulter
1,User1,user1@example.com,9876500001,21,Kolkata,Teacher,0.98,0.45,0.23,0.01,0
2,User2,user2@example.com,9876500002,49,Chennai,Freelancer,0.61,0.51,0.05,0.57,0
3,User3,user3@example.com,9876500003,45,Bangalore,Teacher,0.78,0.05,0.5,0.77,0
4,User4,user4@example.com,9876500004,31,Delhi,Engineer,0.97,0.49,0.04,0.01,0
5,User5,user5@example.com,9876500005,37,Delhi,Freelancer,0.45,0.64,0.83,0.81,0
6,User6,user6@example.com,9876500006,42,Chennai,Teacher,0.56,0.09,0.07,0.98,0
7,User7,user7@example.com,9876500007,28,Kolkata,Driver,0.15,0.04,0.41,0.76,1
8,User8,user8@example.com,9876500008,24,Chennai,Freelancer,0.39,0.05,0.63,0.04,0
9,User9,user9@example.com,9876500009,34,Chennai,Teacher,0.11,0.32,0.42,0.29,0
10,User10,user10@example.com,9876500010,26,Kolkata,Teacher,0.35,0.7,0.57,0.02,1
11,User11,user11@example.com,9876500011,44,Delhi,Manager,0.58,0.64,0.94,0.58,0
12,User12,user12@example.com,9876500012,35,Delhi,Freelancer,0.46,0.51,0.76,0.7,0
13,User13,user13@example.com,9876500013,20,Bangalore,Driver,0.77,0.71,0.71,0.49,1
14,User14,user14@example.com,9876500014,24,Kolkata,Freelancer,0.7,0.46,0.75,0.67,0
15,User15,user15@example.com,9876500015,23,Bangalore,Engineer,0.39,0.8,0.82,0.32,1
16,User16,user16@example.com,9876500016,48,Bangalore,Freelancer,0.88,0.59,0.26,0.52,0
17,User17,user17@example.com,9876500017,25,Chennai,Engineer,0.28,0.55,0.27,0.93,0
18,User18,user18@example.com,9876500018,42,Kolkata,Freelancer,0.55,0.86,0.85,0.57,0
19,User19,user19@example.com,9876500019,41,Kolkata,Driver,0.1,0.19,0.1,0.01,0
20,User20,user20@example.com,9876500020,32,Mumbai,Manager,0.44,0.51,0.87,0.08,1
21,User21,user21@example.com,9876500021,46,Delhi,Engineer,0.44,0.08,0.21,0.95,0
22,User22,user22@example.com,9876500022,44,Delhi,Engineer,0.61,0.63,0.82,0.87,0
23,User23,user23@example.com,9876500023,36,Mumbai,Manager,0.31,0.43,0.41,0.16,0
24,User24,user24@example.com,9876500024,29,Mumbai,Driver,0.54,0.81,0.05,0.07,0
25,User25,user25@example.com,9876500025,38,Mumbai,Freelancer,0.17,0.98,0.99,0.71,1
26,User26,user26@example.com,9876500026,28,Chennai,Manager,0.73,0.97,0.85,0.06,0
27,User27,user27@example.com,9876500027,27,Mumbai,Manager,0.87,0.52,0.6,0.09,1
28,User28,user28@example.com,9876500028,24,Mumbai,Freelancer,0.48,0.35,0.68,0.47,0
29,User29,user29@example.com,9876500029,46,Chennai,Driver,0.59,0.71,0.98,0.97,0
30,User30,user30@example.com,9876500030,29,Bangalore,Manager,0.01,0.66,0.46,0.4,0
31,User31,user31@example.com,9876500031,47,Delhi,Driver,0.21,0.4,0.57,0.07,0
32,User32,user32@example.com,9876500032,23,Bangalore,Teacher,0.42,0.4,0.73,0.43,1
33,User33,user33@example.com,9876500033,47,Bangalore,Teacher,0.46,0.4,0.42,0.21,0
34,User34,user34@example.com,9876500034,38,Bangalore,Freelancer,0.58,0.59,0.77,0.04,0
35,User35,user35@example.com,9876500035,23,Bangalore,Teacher,0.91,0.79,0.61,0.35,1
36,User36,user36@example.com,9876500036,20,Mumbai,Driver,0.85,0.98,0.05,0.38,0
37,User37,user37@example.com,9876500037,46,Bangalore,Freelancer,0.52,0.62,0.89,0.14,0
38,User38,user38@example.com,9876500038,47,Mumbai,Engineer,0.08,0.88,0.2,0.75,0
39,User39,user39@example.com,9876500039,40,Bangalore,Driver,0.49,0.66,0.97,0.19,0
40,User40,user40@example.com,9876500040,44,Bangalore,Engineer,0.37,0.95,0.23,0.94,0
41,User41,user41@example.com,9876500041,24,Mumbai,Engineer,0.6,0.93,0.58,0.79,0
42,User42,user42@example.com,9876500042,35,Delhi,Driver,0.58,0.62,0.66,0.18,0
43,User43,user43@example.com,9876500043,36,Delhi,Teacher,0.68,0.84,0.61,0.3,0
44,User44,user44@example.com,9876500044,21,Bangalore,Freelancer,0.55,0.09,0.54,0.61,1
45,User45,user45@example.com,9876500045,34,Delhi,Teacher,0.09,0.06,0.24,0.11,0
46,User46,user46@example.com,9876500046,37,Mumbai,Manager,0.96,0.45,0.42,0.03,0
47,User47,user47@example.com,9876500047,23,Bangalore,Teacher,0.32,0.54,0.52,0.89,0
48,User48,user48@example.com,9876500048,29,Delhi,Teacher,0.69,0.08,0.15,0.44,1
49,User49,user49@example.com,9876500049,23,Chennai,Teacher,0.96,0.53,0.82,0.06,0
50,User50,user50@example.com,9876500050,47,Delhi,Freelancer,0.44,0.35,0.92,0.1,0
51,User51,user51@example.com,9876500051,49,Delhi,Teacher,0.12,0.72,0.66,0.95,0
52,User52,user52@example.com,9876500052,43,Bangalore,Freelancer,0.13,0.86,0.64,0.69,1
53,User53,user53@example.com,9876500053,38,Kolkata,Freelancer,0.67,0.65,0.95,0.24,1
54,User54,user54@example.com,9876500054,31,Chennai,Manager,0.28,0.17,0.88,0.92,0
55,User55,user55@example.com,9876500055,22,Mumbai,Manager,0.03,0.45,0.46,0.43,0
56,User56,user56@example.com,9876500056,22,Delhi,Engineer,0.84,0.08,0.92,0.66,0
57,User57,user57@example.com,9876500057,40,Bangalore,Teacher,0.33,0.1,0.14,0.89,0
58,User58,user58@example.com,9876500058,41,Chennai,Driver,0.79,0.88,0.94,0.03,1
59,User59,user59@example.com,9876500059,36,Kolkata,Freelancer,0.45,0.41,0.21,0.25,0
60,User60,user60@example.com,9876500060,38,Bangalore,Teacher,0.31,0.34,0.86,0.26,0
61,User61,user61@example.com,9876500061,33,Chennai,Freelancer,0.28,0.51,0.52,0.51,0
62,User62,user62@example.com,9876500062,43,Bangalore,Driver,0.75,0.21,0.09,0.78,1
63,User63,user63@example.com,9876500063,46,Kolkata,Manager,0.61,0.92,0.2,0.19,0
64,User64,user64@example.com,9876500064,26,Chennai,Driver,0.99,0.28,0.6,0.68,1
65,User65,user65@example.com,9876500065,34,Mumbai,Teacher,0.86,0.26,0.04,0.85,0
66,User66,user66@example.com,9876500066,40,Mumbai,Teacher,0.61,0.92,0.01,0.74,0
67,User67,user67@example.com,9876500067,46,Kolkata,Engineer,0.52,0.88,0.95,0.75,0
68,User68,user68@example.com,9876500068,27,Delhi,Freelancer,0.53,0.44,0.62,0.05,0
69,User69,user69@example.com,9876500069,43,Kolkata,Driver,0.93,0.4,0.33,0.42,1
70,User70,user70@example.com,9876500070,26,Mumbai,Teacher,0.1,0.95,0.66,0.74,0
71,User71,user71@example.com,9876500071,27,Chennai,Engineer,0.49,0.71,0.84,0.91,0
72,User72,user72@example.com,9876500072,42,Mumbai,Manager,0.97,0.1,0.23,0.31,1
73,User73,user73@example.com,9876500073,46,Kolkata,Teacher,0.01,0.01,0.74,0.99,0
74,User74,user74@example.com,9876500074,24,Kolkata,Freelancer,0.67,0.42,0.74,0.26,0
75,User75,user75@example.com,9876500075,29,Kolkata,Driver,0.34,0.83,0.07,0.28,0
76,User76,user76@example.com,9876500076,40,Mumbai,Engineer,0.03,0.9,0.97,0.21,1
77,User77,user77@example.com,9876500077,33,Bangalore,Freelancer,0.78,0.13,0.06,0.83,0
78,User78,user78@example.com,9876500078,46,Chennai,Manager,0.69,0.43,0.81,0.21,0
79,User79,user79@example.com,9876500079,36,Delhi,Manager,0.02,0.27,0.46,0.05,0
80,User80,user80@example.com,9876500080,40,Kolkata,Engineer,0.11,0.72,0.68,0.18,0
81,User81,user81@example.com,9876500081,41,Delhi,Freelancer,0.69,0.26,0.84,0.9,0
82,User82,user82@example.com,9876500082,26,Mumbai,Manager,0.15,0.5,0.07,0.76,0
83,User83,user83@example.com,9876500083,30,Kolkata,Teacher,0.1,0.76,0.79,0.31,1
84,User84,user84@example.com,9876500084,39,Mumbai,Freelancer,0.11,0.17,0.35,0.82,1
85,User85,user85@example.com,9876500085,27,Kolkata,Teacher,0.32,0.4,0.09,0.65,0
86,User86,user86@example.com,9876500086,29,Kolkata,Teacher,0.62,0.44,1.0,0.41,0
87,User87,user87@example.com,9876500087,38,Bangalore,Engineer,0.72,0.99,0.51,0.13,0
88,User88,user88@example.com,9876500088,44,Bangalore,Teacher,0.1,0.06,0.72,0.38,0
89,User89,user89@example.com,9876500089,23,Delhi,Driver,0.32,0.36,0.77,0.76,1
90,User90,user90@example.com,9876500090,46,Mumbai,Freelancer,0.94,0.06,0.04,0.97,0
91,User91,user91@example.com,9876500091,28,Chennai,Freelancer,0.25,0.59,0.54,0.05,1
92,User92,user92@example.com,9876500092,49,Mumbai,Engineer,1.0,0.86,0.28,0.87,0
93,User93,user93@example.com,9876500093,34,Delhi,Manager,0.81,0.09,0.87,0.7,0
94,User94,user94@example.com,9876500094,47,Mumbai,Driver,0.72,0.31,0.07,0.06,0
95,User95,user95@example.com,9876500095,21,Chennai,Manager,0.2,0.57,0.18,0.4,0
96,User96,user96@example.com,9876500096,38,Kolkata,Freelancer,0.8,0.09,0.75,0.23,0
97,User97,user97@example.com,9876500097,23,Kolkata,Driver,0.44,0.77,0.95,0.84,0
98,User98,user98@example.com,9876500098,47,Delhi,Engineer,0.99,0.07,0.13,0.03,0
99,User99,user99@example.com,9876500099,32,Mumbai,Driver,0.99,0.64,0.35,0.1,0
100,User100,user100@example.com,9876500100,35,Bangalore,Freelancer,0.17,0.1,0.19,0.43,0
101,User101,user101@example.com,9876500101,44,Delhi,Teacher,0.7,0.37,0.64,0.32,1
102,User102,user102@example.com,9876500102,45,Kolkata,Teacher,0.23,0.84,0.9,0.0,1
103,User103,user103@example.com,9876500103,32,Kolkata,Manager,0.48,0.76,0.08,0.93,1
104,User104,user104@example.com,9876500104,26,Bangalore,Manager,0.68,0.94,0.41,0.71,0
105,User105,user105@example.com,9876500105,40,Mumbai,Teacher,0.56,0.29,0.45,0.02,0
106,User106,user106@example.com,9876500106,46,Chennai,Teacher,0.48,0.88,0.96,0.04,0
107,User107,user107@example.com,9876500107,45,Delhi,Driver,0.64,0.02,0.81,0.87,1
108,User108,user108@example.com,9876500108,41,Bangalore,Engineer,0.44,0.23,0.12,0.43,0
109,User109,user109@example.com,9876500109,40,Chennai,Freelancer,0.59,0.41,0.97,0.87,0
110,User110,user110@example.com,9876500110,35,Mumbai,Freelancer,0.05,0.21,0.51,0.36,0
111,User111,user111@example.com,9876500111,38,Delhi,Manager,0.61,0.31,0.44,0.05,0
112,User112,user112@example.com,9876500112,26,Mumbai,Manager,0.64,0.18,0.19,0.16,0
113,User113,user113@example.com,9876500113,20,Mumbai,Manager,0.01,0.13,0.95,0.35,0
114,User114,user114@example.com,9876500114,41,Kolkata,Freelancer,0.01,0.03,0.3,0.6,0
115,User115,user115@example.com,9876500115,39,Kolkata,Driver,0.86,0.87,0.37,0.76,0
116,User116,user116@example.com,9876500116,46,Delhi,Driver,0.03,0.09,0.93,0.72,1
117,User117,user117@example.com,9876500117,41,Mumbai,Teacher,0.73,0.59,0.31,0.93,0
118,User118,user118@example.com,9876500118,38,Chennai,Engineer,0.37,0.59,0.4,0.16,1
119,User119,user119@example.com,9876500119,35,Mumbai,Teacher,0.21,0.13,0.75,0.13,0
120,User120,user120@example.com,9876500120,22,Chennai,Driver,0.84,0.56,0.16,0.72,0
121,User121,user121@example.com,9876500121,39,Kolkata,Driver,0.1,0.82,0.33,0.25,0
122,User122,user122@example.com,9876500122,31,Bangalore,Manager,0.25,0.45,0.0,0.66,1
123,User123,user123@example.com,9876500123,30,Mumbai,Teacher,0.29,0.75,0.12,0.23,0
124,User124,user124@example.com,9876500124,49,Bangalore,Engineer,0.09,0.4,0.94,0.85,0
125,User125,user125@example.com,9876500125,31,Kolkata,Teacher,0.44,0.32,0.71,0.16,0
126,User126,user126@example.com,9876500126,29,Bangalore,Driver,0.25,0.99,0.28,0.6,0
127,User127,user127@example.com,9876500127,38,Kolkata,Freelancer,0.82,0.72,0.84,0.41,0
128,User128,user128@example.com,9876500128,24,Delhi,Driver,0.17,0.46,0.75,0.49,0
129,User129,user129@example.com,9876500129,47,Bangalore,Teacher,0.14,0.5,0.56,0.04,1
130,User130,user130@example.com,9876500130,26,Kolkata,Driver,0.71,0.21,0.06,0.61,1
131,User131,user131@example.com,9876500131,47,Bangalore,Driver,0.34,0.67,0.94,0.22,0
132,User132,user132@example.com,9876500132,25,Bangalore,Teacher,0.36,0.33,0.96,0.14,1
133,User133,user133@example.com,9876500133,24,Delhi,Freelancer,0.88,0.74,0.3,0.42,1
134,User134,user134@example.com,9876500134,27,Bangalore,Engineer,0.3,0.72,0.67,0.27,0
135,User135,user135@example.com,9876500135,30,Delhi,Driver,0.39,0.24,0.68,0.14,0
136,User136,user136@example.com,9876500136,26,Delhi,Engineer,0.52,0.69,0.04,0.26,1
137,User137,user137@example.com,9876500137,48,Bangalore,Driver,0.16,0.46,0.91,0.93,0
138,User138,user138@example.com,9876500138,24,Delhi,Teacher,0.61,0.28,0.47,0.52,0
139,User139,user139@example.com,9876500139,35,Delhi,Manager,0.49,0.77,0.11,0.51,0
140,User140,user140@example.com,9876500140,43,Kolkata,Freelancer,0.25,0.68,0.2,0.2,0
141,User141,user141@example.com,9876500141,44,Bangalore,Engineer,0.84,0.67,0.95,0.01,1
142,User142,user142@example.com,9876500142,21,Kolkata,Freelancer,0.91,0.7,0.29,0.96,0
143,User143,user143@example.com,9876500143,20,Chennai,Freelancer,0.93,0.24,0.19,0.54,0
144,User144,user144@example.com,9876500144,20,Mumbai,Driver,0.85,0.04,0.26,0.21,0
145,User145,user145@example.com,9876500145,29,Chennai,Driver,0.25,0.05,0.43,0.26,0
146,User146,user146@example.com,9876500146,28,Mumbai,Manager,0.58,0.88,0.78,0.63,0
147,User147,user147@example.com,9876500147,34,Delhi,Manager,0.71,0.7,0.57,0.43,0
148,User148,user148@example.com,9876500148,49,Chennai,Freelancer,0.93,0.3,0.46,0.5,0
149,User149,user149@example.com,9876500149,29,Bangalore,Driver,0.23,0.66,0.52,0.08,0
150,User150,user150@example.com,9876500150,47,Mumbai,Driver,0.23,0.67,0.69,0.4,1
151,User151,user151@example.com,9876500151,43,Mumbai,Teacher,0.26,0.59,0.3,0.01,0
152,User152,user152@example.com,9876500152,29,Kolkata,Manager,1.0,0.05,0.39,0.28,0
153,User153,user153@example.com,9876500153,45,Mumbai,Driver,0.79,0.01,0.57,0.54,1
154,User154,user154@example.com,9876500154,38,Bangalore,Manager,0.01,0.5,0.08,0.48,1
155,User155,user155@example.com,9876500155,38,Mumbai,Engineer,0.42,0.29,0.72,0.99,0
156,User156,user156@example.com,9876500156,28,Chennai,Engineer,0.54,0.75,0.04,0.21,0
157,User157,user157@example.com,9876500157,36,Mumbai,Freelancer,0.59,0.07,0.03,0.31,1
158,User158,user158@example.com,9876500158,39,Mumbai,Manager,0.28,0.62,0.45,0.58,0
159,User159,user159@example.com,9876500159,33,Bangalore,Manager,0.71,0.47,0.04,0.71,0
160,User160,user160@example.com,9876500160,38,Bangalore,Manager,0.44,0.83,0.22,0.78,0
161,User161,user161@example.com,9876500161,30,Delhi,Engineer,0.99,0.39,0.55,0.95,0
162,User162,user162@example.com,9876500162,42,Chennai,Engineer,0.41,0.39,0.62,0.33,0
163,User163,user163@example.com,9876500163,35,Bangalore,Engineer,0.09,0.43,0.54,0.21,0
164,User164,user164@example.com,9876500164,43,Chennai,Teacher,1.0,0.83,0.54,0.82,0
165,User165,user165@example.com,9876500165,45,Chennai,Teacher,0.1,0.16,0.23,0.64,0
166,User166,user166@example.com,9876500166,41,Bangalore,Freelancer,0.06,0.38,0.74,0.38,0
167,User167,user167@example.com,9876500167,20,Chennai,Manager,0.36,0.08,0.91,0.76,0
168,User168,user168@example.com,9876500168,21,Kolkata,Teacher,0.65,0.2,0.34,0.72,0
169,User169,user169@example.com,9876500169,20,Chennai,Driver,0.34,0.05,0.43,0.67,0
170,User170,user170@example.com,9876500170,35,Delhi,Teacher,0.11,0.35,0.01,0.93,0
171,User171,user171@example.com,9876500171,29,Bangalore,Driver,0.48,0.25,0.54,0.23,0
172,User172,user172@example.com,9876500172,32,Delhi,Manager,0.16,0.17,0.82,0.84,0
173,User173,user173@example.com,9876500173,34,Delhi,Teacher,0.56,0.29,0.84,0.05,0
174,User174,user174@example.com,9876500174,31,Mumbai,Driver,0.35,0.76,0.78,0.2,1
175,User175,user175@example.com,9876500175,35,Bangalore,Driver,0.21,0.07,0.03,0.82,0
176,User176,user176@example.com,9876500176,44,Mumbai,Manager,0.55,0.19,0.06,0.72,0
177,User177,user177@example.com,9876500177,46,Chennai,Manager,0.07,0.32,0.03,0.13,0
178,User178,user178@example.com,9876500178,25,Bangalore,Teacher,0.84,0.69,0.19,0.7,0
179,User179,user179@example.com,9876500179,46,Chennai,Manager,0.6,0.27,0.36,0.43,0
180,User180,user180@example.com,9876500180,21,Bangalore,Teacher,0.87,0.84,0.34,0.03,0
181,User181,user181@example.com,9876500181,39,Delhi,Teacher,0.98,0.66,0.75,0.11,1
182,User182,user182@example.com,9876500182,26,Chennai,Engineer,0.51,0.4,0.22,0.96,1
183,User183,user183@example.com,9876500183,43,Chennai,Engineer,0.58,0.09,0.2,0.79,0
184,User184,user184@example.com,9876500184,41,Delhi,Teacher,0.94,0.09,0.85,0.69,0
185,User185,user185@example.com,9876500185,37,Kolkata,Freelancer,0.84,0.28,0.81,0.6,0
186,User186,user186@example.com,9876500186,28,Delhi,Driver,0.2,0.71,0.11,0.55,1
187,User187,user187@example.com,9876500187,37,Mumbai,Engineer,0.1,0.81,0.13,0.8,1
188,User188,user188@example.com,9876500188,22,Bangalore,Driver,0.46,0.7,0.52,0.06,0
189,User189,user189@example.com,9876500189,38,Mumbai,Engineer,0.83,0.23,0.98,0.04,1
190,User190,user190@example.com,9876500190,37,Delhi,Engineer,0.85,0.39,0.53,0.76,1
191,User191,user191@example.com,9876500191,27,Chennai,Driver,0.32,0.49,0.26,0.29,0
192,User192,user192@example.com,9876500192,43,Bangalore,Manager,0.48,0.63,0.18,0.19,0
193,User193,user193@example.com,9876500193,28,Delhi,Freelancer,0.34,0.28,0.35,0.05,0
194,User194,user194@example.com,9876500194,37,Chennai,Freelancer,0.98,0.77,0.37,0.49,0
195,User195,user195@example.com,9876500195,36,Bangalore,Freelancer,0.71,0.02,0.11,0.86,0
196,User196,user196@example.com,9876500196,40,Kolkata,Teacher,0.46,0.06,0.15,0.7,0
197,User197,user197@example.com,9876500197,32,Bangalore,Freelancer,0.22,0.24,0.38,0.06,1
198,User198,user198@example.com,9876500198,21,Bangalore,Freelancer,0.73,0.76,0.98,0.21,0
199,User199,user199@example.com,9876500199,23,Delhi,Freelancer,0.16,0.39,0.96,0.01,0
200,User200,user200@example.com,9876500200,36,Kolkata,Engineer,0.86,0.99,0.35,0.68,1
201,User201,user201@example.com,9876500201,25,Delhi,Engineer,0.31,0.81,0.45,0.74,0
202,User202,user202@example.com,9876500202,24,Delhi,Manager,0.87,0.83,0.14,0.82,0
203,User203,user203@example.com,9876500203,29,Bangalore,Teacher,0.33,0.36,0.94,0.72,0
204,User204,user204@example.com,9876500204,21,Kolkata,Teacher,0.18,0.8,0.76,0.76,0
205,User205,user205@example.com,9876500205,43,Mumbai,Manager,0.05,0.72,0.35,0.09,0
206,User206,user206@example.com,9876500206,47,Bangalore,Engineer,0.55,0.38,0.06,0.29,1
207,User207,user207@example.com,9876500207,34,Bangalore,Freelancer,0.29,0.54,0.72,0.22,1
208,User208,user208@example.com,9876500208,48,Kolkata,Engineer,0.1,0.43,0.9,0.94,0
209,User209,user209@example.com,9876500209,23,Chennai,Manager,0.06,0.76,0.3,0.46,1
210,User210,user210@example.com,9876500210,33,Chennai,Teacher,0.3,0.84,0.42,0.36,0
211,User211,user211@example.com,9876500211,22,Delhi,Freelancer,0.22,0.56,0.21,0.81,0
212,User212,user212@example.com,9876500212,39,Kolkata,Freelancer,0.73,0.34,0.38,0.56,1
213,User213,user213@example.com,9876500213,40,Chennai,Freelancer,0.51,0.59,0.51,0.47,0
214,User214,user214@example.com,9876500214,25,Kolkata,Driver,0.94,0.24,0.45,0.24,0
215,User215,user215@example.com,9876500215,33,Kolkata,Engineer,0.6,0.71,0.96,0.65,0
216,User216,user216@example.com,9876500216,37,Mumbai,Engineer,0.95,0.28,0.58,0.17,1
217,User217,user217@example.com,9876500217,38,Chennai,Driver,0.39,0.06,0.64,0.54,0
218,User218,user218@example.com,9876500218,40,Bangalore,Manager,0.29,0.69,0.21,0.77,0
219,User219,user219@example.com,9876500219,20,Mumbai,Manager,0.2,0.13,0.04,0.9,0
220,User220,user220@example.com,9876500220,47,Bangalore,Freelancer,0.86,0.31,0.24,0.02,1
221,User221,user221@example.com,9876500221,39,Bangalore,Engineer,0.76,0.7,0.09,0.66,0
222,User222,user222@example.com,9876500222,38,Chennai,Freelancer,0.7,0.34,0.99,0.64,0
223,User223,user223@example.com,9876500223,35,Bangalore,Driver,0.93,0.85,0.73,0.71,0
224,User224,user224@example.com,9876500224,25,Chennai,Engineer,0.69,0.61,0.43,0.89,1
225,User225,user225@example.com,9876500225,23,Kolkata,Engineer,0.73,0.96,0.23,0.29,1
226,User226,user226@example.com,9876500226,35,Kolkata,Engineer,0.95,0.38,0.25,0.71,0
227,User227,user227@example.com,9876500227,37,Chennai,Engineer,0.73,0.38,0.73,1.0,0
228,User228,user228@example.com,9876500228,28,Chennai,Freelancer,0.65,0.23,0.54,0.51,0
229,User229,user229@example.com,9876500229,40,Chennai,Teacher,0.15,0.13,1.0,0.11,0
230,User230,user230@example.com,9876500230,40,Delhi,Freelancer,0.45,0.07,0.05,0.46,1
231,User231,user231@example.com,9876500231,31,Delhi,Freelancer,0.96,0.62,0.54,0.33,0
232,User232,user232@example.com,9876500232,24,Kolkata,Engineer,0.53,0.87,0.91,0.4,0
233,User233,user233@example.com,9876500233,22,Mumbai,Engineer,0.26,0.24,0.52,0.42,0
234,User234,user234@example.com,9876500234,22,Bangalore,Manager,0.13,0.43,0.18,0.9,0
235,User235,user235@example.com,9876500235,48,Chennai,Teacher,0.19,0.98,0.26,0.86,0
236,User236,user236@example.com,9876500236,45,Bangalore,Manager,0.2,0.79,0.42,0.66,0
237,User237,user237@example.com,9876500237,48,Mumbai,Manager,0.06,0.45,0.52,0.44,0
238,User238,user238@example.com,9876500238,48,Kolkata,Manager,0.39,0.19,0.86,0.47,0
239,User239,user239@example.com,9876500239,21,Chennai,Driver,0.02,0.68,0.33,0.82,0
240,User240,user240@example.com,9876500240,35,Mumbai,Driver,0.37,0.4,0.43,0.16,0
241,User241,user241@example.com,9876500241,20,Delhi,Engineer,0.93,0.57,0.26,0.38,1
242,User242,user242@example.com,9876500242,35,Bangalore,Freelancer,0.13,0.02,0.25,0.26,1
243,User243,user243@example.com,9876500243,37,Kolkata,Driver,0.13,0.35,0.46,0.08,0
244,User244,user244@example.com,9876500244,49,Kolkata,Engineer,0.95,0.46,0.05,0.01,0
245,User245,user245@example.com,9876500245,36,Bangalore,Engineer,0.87,0.01,0.83,0.46,0
246,User246,user246@example.com,9876500246,21,Kolkata,Teacher,0.42,0.67,0.68,0.9,0
247,User247,user247@example.com,9876500247,31,Bangalore,Engineer,0.82,0.02,0.78,0.64,0
248,User248,user248@example.com,9876500248,45,Mumbai,Driver,0.22,0.74,0.59,0.07,1
249,User249,user249@example.com,9876500249,34,Chennai,Freelancer,0.76,0.04,0.4,0.15,1
250,User250,user250@example.com,9876500250,26,Delhi,Driver,0.2,0.27,0.08,0.67,1
251,User251,user251@example.com,9876500251,31,Kolkata,Driver,0.44,0.03,0.53,0.88,0
252,User252,user252@example.com,9876500252,32,Chennai,Freelancer,0.25,0.95,0.44,0.21,1
253,User253,user253@example.com,9876500253,45,Kolkata,Teacher,0.55,0.67,0.11,0.8,0
254,User254,user254@example.com,9876500254,46,Delhi,Freelancer,0.65,0.69,0.53,0.33,0
255,User255,user255@example.com,9876500255,22,Bangalore,Driver,0.19,0.54,0.67,0.83,0
256,User256,user256@example.com,9876500256,21,Mumbai,Engineer,0.75,0.21,0.98,0.32,0
257,User257,user257@example.com,9876500257,28,Chennai,Manager,0.35,0.51,0.8,0.61,1
258,User258,user258@example.com,9876500258,30,Kolkata,Manager,0.97,0.67,0.48,0.57,0
259,User259,user259@example.com,9876500259,28,Mumbai,Driver,0.34,0.52,0.9,0.64,0
260,User260,user260@example.com,9876500260,22,Chennai,Freelancer,0.7,0.42,0.93,0.56,1
261,User261,user261@example.com,9876500261,26,Chennai,Teacher,0.61,0.12,0.13,0.27,1
262,User262,user262@example.com,9876500262,45,Bangalore,Teacher,0.25,0.3,0.3,0.72,0
263,User263,user263@example.com,9876500263,33,Delhi,Engineer,0.72,0.67,0.99,0.86,1
264,User264,user264@example.com,9876500264,25,Kolkata,Teacher,0.46,0.31,0.72,0.61,0
265,User265,user265@example.com,9876500265,22,Mumbai,Driver,0.78,0.62,0.48,0.55,0
266,User266,user266@example.com,9876500266,35,Mumbai,Driver,0.94,0.36,0.78,0.26,0
267,User267,user267@example.com,9876500267,41,Kolkata,Freelancer,0.75,0.81,0.74,0.09,1
268,User268,user268@example.com,9876500268,49,Kolkata,Engineer,0.88,0.88,0.28,0.48,0
269,User269,user269@example.com,9876500269,27,Chennai,Driver,0.49,0.64,0.15,0.73,0
270,User270,user270@example.com,9876500270,34,Mumbai,Driver,0.83,0.41,0.81,0.97,0
271,User271,user271@example.com,9876500271,44,Kolkata,Engineer,0.74,0.43,0.08,0.35,0
272,User272,user272@example.com,9876500272,43,Delhi,Driver,0.43,0.49,0.77,0.99,1
273,User273,user273@example.com,9876500273,40,Delhi,Freelancer,0.58,0.73,0.12,0.25,0
274,User274,user274@example.com,9876500274,48,Chennai,Manager,0.37,0.29,0.81,0.81,1
275,User275,user275@example.com,9876500275,30,Chennai,Freelancer,0.43,0.73,0.04,0.29,1
276,User276,user276@example.com,9876500276,39,Chennai,Freelancer,0.49,0.83,0.1,0.43,0
277,User277,user277@example.com,9876500277,21,Delhi,Freelancer,0.77,0.28,0.54,0.53,1
278,User278,user278@example.com,9876500278,35,Mumbai,Freelancer,0.5,0.89,0.91,0.02,1
279,User279,user279@example.com,9876500279,36,Mumbai,Freelancer,0.12,0.34,0.94,0.39,0
280,User280,user280@example.com,9876500280,29,Bangalore,Driver,0.72,0.45,0.2,0.03,0
281,User281,user281@example.com,9876500281,31,Mumbai,Manager,0.78,0.91,0.16,0.4,0
282,User282,user282@example.com,9876500282,20,Kolkata,Freelancer,0.45,0.27,0.86,0.79,0
283,User283,user283@example.com,9876500283,23,Delhi,Freelancer,0.31,0.68,0.37,0.18,0
284,User284,user284@example.com,9876500284,46,Mumbai,Teacher,0.31,0.66,0.07,0.88,0
285,User285,user285@example.com,9876500285,46,Mumbai,Engineer,0.23,0.51,0.9,0.02,0
286,User286,user286@example.com,9876500286,37,Mumbai,Engineer,0.51,0.45,0.56,0.5,0
287,User287,user287@example.com,9876500287,47,Chennai,Engineer,0.89,0.95,0.34,0.08,0
288,User288,user288@example.com,9876500288,44,Delhi,Teacher,0.57,0.8,0.59,0.11,0
289,User289,user289@example.com,9876500289,26,Delhi,Teacher,0.7,0.02,0.21,0.23,0
290,User290,user290@example.com,9876500290,25,Bangalore,Freelancer,0.56,0.71,0.78,0.16,0
291,User291,user291@example.com,9876500291,42,Kolkata,Freelancer,0.65,0.66,0.23,0.27,1
292,User292,user292@example.com,9876500292,27,Delhi,Manager,0.67,0.04,0.26,0.56,0
293,User293,user293@example.com,9876500293,20,Kolkata,Engineer,0.72,0.43,0.87,0.21,1
294,User294,user294@example.com,9876500294,31,Mumbai,Freelancer,0.63,0.15,0.15,0.84,0
295,User295,user295@example.com,9876500295,25,Chennai,Teacher,0.84,0.68,0.53,0.43,1
296,User296,user296@example.com,9876500296,45,Mumbai,Freelancer,0.6,0.11,0.36,0.24,0
297,User297,user297@example.com,9876500297,27,Mumbai,Manager,0.86,0.69,0.19,0.39,0
298,User298,user298@example.com,9876500298,37,Delhi,Driver,0.55,0.93,0.32,0.23,0
299,User299,user299@example.com,9876500299,36,Bangalore,Engineer,0.15,0.34,0.61,0.59,0
300,User300,user300@example.com,9876500300,33,Kolkata,Driver,0.89,0.91,0.63,0.35,0
301,User301,user301@example.com,9876500301,31,Kolkata,Manager,0.4,0.7,0.09,0.04,0
302,User302,user302@example.com,9876500302,44,Kolkata,Driver,0.15,0.91,0.11,0.91,0
303,User303,user303@example.com,9876500303,47,Delhi,Manager,0.98,0.25,0.85,1.0,1
304,User304,user304@example.com,9876500304,22,Delhi,Teacher,0.16,0.55,0.87,0.21,1
305,User305,user305@example.com,9876500305,31,Mumbai,Manager,0.98,0.51,0.94,0.98,0
306,User306,user306@example.com,9876500306,20,Bangalore,Engineer,0.83,0.07,0.81,0.46,0
307,User307,user307@example.com,9876500307,47,Kolkata,Driver,0.19,0.87,0.29,0.44,0
308,User308,user308@example.com,9876500308,42,Mumbai,Engineer,0.8,0.71,0.66,0.63,0
309,User309,user309@example.com,9876500309,22,Delhi,Manager,0.9,0.76,0.05,0.59,1
310,User310,user310@example.com,9876500310,37,Bangalore,Driver,0.83,0.94,0.13,0.48,0
311,User311,user311@example.com,9876500311,42,Delhi,Engineer,0.79,0.98,0.46,0.02,0
312,User312,user312@example.com,9876500312,21,Chennai,Driver,0.96,0.42,0.19,0.87,0
313,User313,user313@example.com,9876500313,39,Bangalore,Driver,0.89,0.19,0.43,0.73,1
314,User314,user314@example.com,9876500314,26,Bangalore,Manager,0.83,0.62,0.81,0.39,1
315,User315,user315@example.com,9876500315,22,Chennai,Driver,0.86,0.85,0.99,0.25,0
316,User316,user316@example.com,9876500316,43,Kolkata,Engineer,0.7,0.61,0.55,0.93,0
317,User317,user317@example.com,9876500317,27,Kolkata,Engineer,0.37,0.92,0.41,0.36,0
318,User318,user318@example.com,9876500318,35,Bangalore,Engineer,0.18,0.94,0.76,0.7,0
319,User319,user319@example.com,9876500319,37,Mumbai,Teacher,0.69,0.32,0.07,0.12,0
320,User320,user320@example.com,9876500320,48,Kolkata,Teacher,0.23,0.77,0.51,0.72,0
321,User321,user321@example.com,9876500321,37,Mumbai,Driver,0.55,0.85,0.45,0.58,0
322,User322,user322@example.com,9876500322,30,Bangalore,Manager,0.93,0.37,0.43,0.1,0
323,User323,user323@example.com,9876500323,41,Chennai,Engineer,0.22,0.92,0.58,0.23,0
324,User324,user324@example.com,9876500324,28,Chennai,Teacher,0.48,0.27,0.76,0.51,0
325,User325,user325@example.com,9876500325,38,Delhi,Teacher,0.38,0.59,0.83,0.17,1
326,User326,user326@example.com,9876500326,21,Delhi,Freelancer,0.88,0.05,0.95,0.36,0
327,User327,user327@example.com,9876500327,28,Delhi,Engineer,0.84,0.53,0.13,0.7,0
328,User328,user328@example.com,9876500328,32,Delhi,Manager,0.37,0.78,0.39,0.42,0
329,User329,user329@example.com,9876500329,36,Bangalore,Freelancer,0.33,0.08,0.81,0.53,0
330,User330,user330@example.com,9876500330,44,Chennai,Manager,0.71,0.62,0.34,0.63,0
331,User331,user331@example.com,9876500331,22,Mumbai,Engineer,0.66,0.13,0.09,0.82,0
332,User332,user332@example.com,9876500332,44,Kolkata,Teacher,0.93,0.8,0.18,0.62,0
333,User333,user333@example.com,9876500333,37,Bangalore,Driver,0.78,0.51,0.78,0.54,0
334,User334,user334@example.com,9876500334,28,Bangalore,Freelancer,0.02,0.19,0.9,0.91,1
335,User335,user335@example.com,9876500335,27,Delhi,Freelancer,0.15,0.81,0.49,0.23,0
336,User336,user336@example.com,9876500336,41,Bangalore,Teacher,0.46,0.55,0.63,0.82,0
337,User337,user337@example.com,9876500337,31,Mumbai,Driver,0.97,0.11,0.15,0.91,0
338,User338,user338@example.com,9876500338,33,Delhi,Freelancer,0.23,0.2,0.18,0.55,1
339,User339,user339@example.com,9876500339,42,Mumbai,Manager,0.67,0.46,0.27,0.28,0
340,User340,user340@example.com,9876500340,36,Bangalore,Manager,0.4,0.48,0.57,0.36,0
341,User341,user341@example.com,9876500341,24,Bangalore,Engineer,0.17,0.55,0.36,0.16,1
342,User342,user342@example.com,9876500342,41,Chennai,Driver,0.44,0.96,0.12,0.16,0
343,User343,user343@example.com,9876500343,30,Bangalore,Teacher,0.92,0.57,0.56,0.18,0
344,User344,user344@example.com,9876500344,30,Kolkata,Teacher,0.52,0.01,1.0,0.58,1
345,User345,user345@example.com,9876500345,21,Delhi,Freelancer,0.31,0.96,0.9,0.34,0
346,User346,user346@example.com,9876500346,41,Kolkata,Engineer,0.68,0.22,0.1,0.27,0
347,User347,user347@example.com,9876500347,45,Delhi,Manager,0.91,0.77,0.39,0.41,1
348,User348,user348@example.com,9876500348,36,Kolkata,Teacher,0.41,0.5,0.35,0.21,0
349,User349,user349@example.com,9876500349,47,Bangalore,Teacher,0.84,0.21,0.36,0.29,0
350,User350,user350@example.com,9876500350,44,Delhi,Freelancer,0.69,0.02,0.02,0.26,0
351,User351,user351@example.com,9876500351,25,Chennai,Teacher,0.17,0.74,0.18,0.85,0
352,User352,user352@example.com,9876500352,29,Delhi,Manager,0.19,0.41,0.83,0.51,0
353,User353,user353@example.com,9876500353,30,Bangalore,Engineer,0.83,0.18,0.32,0.79,1
354,User354,user354@example.com,9876500354,33,Kolkata,Teacher,0.08,0.42,0.49,0.46,1
355,User355,user355@example.com,9876500355,48,Delhi,Teacher,0.11,0.09,0.1,0.75,0
356,User356,user356@example.com,9876500356,23,Bangalore,Manager,0.32,0.57,0.19,0.72,0
357,User357,user357@example.com,9876500357,44,Chennai,Engineer,0.93,0.78,0.26,0.23,0
358,User358,user358@example.com,9876500358,48,Delhi,Driver,0.76,0.74,0.87,0.59,0
359,User359,user359@example.com,9876500359,44,Kolkata,Engineer,0.16,0.67,0.88,0.79,0
360,User360,user360@example.com,9876500360,38,Bangalore,Freelancer,0.54,0.32,0.87,0.42,0
361,User361,user361@example.com,9876500361,27,Chennai,Manager,0.63,0.61,0.82,0.7,1
362,User362,user362@example.com,9876500362,30,Delhi,Engineer,0.19,0.41,0.37,0.03,0
363,User363,user363@example.com,9876500363,25,Bangalore,Manager,0.44,0.92,0.79,0.79,0
364,User364,user364@example.com,9876500364,40,Chennai,Freelancer,0.13,0.93,0.43,0.61,0
365,User365,user365@example.com,9876500365,31,Delhi,Teacher,0.69,0.04,0.85,0.3,1
366,User366,user366@example.com,9876500366,32,Chennai,Driver,0.17,0.3,0.22,0.5,0
367,User367,user367@example.com,9876500367,23,Delhi,Driver,0.81,0.64,0.66,0.3,0
368,User368,user368@example.com,9876500368,36,Bangalore,Engineer,0.92,0.28,0.87,0.86,0
369,User369,user369@example.com,9876500369,27,Mumbai,Teacher,0.86,0.12,0.82,0.55,0
370,User370,user370@example.com,9876500370,41,Mumbai,Driver,0.41,0.23,0.95,0.46,0
371,User371,user371@example.com,9876500371,39,Delhi,Manager,0.93,0.21,0.9,0.61,1
372,User372,user372@example.com,9876500372,22,Mumbai,Manager,0.05,0.64,0.94,0.44,0
373,User373,user373@example.com,9876500373,28,Kolkata,Teacher,0.91,0.64,0.0,0.35,0
374,User374,user374@example.com,9876500374,29,Bangalore,Engineer,0.05,0.18,0.96,0.98,1
375,User375,user375@example.com,9876500375,21,Bangalore,Teacher,0.33,0.14,0.55,0.49,1
376,User376,user376@example.com,9876500376,48,Mumbai,Freelancer,0.72,0.97,0.31,0.87,0
377,User377,user377@example.com,9876500377,33,Mumbai,Manager,0.7,0.69,0.6,0.33,0
378,User378,user378@example.com,9876500378,32,Chennai,Freelancer,0.89,0.74,0.69,0.72,0
379,User379,user379@example.com,9876500379,23,Mumbai,Freelancer,0.11,0.95,0.13,0.67,0
380,User380,user380@example.com,9876500380,47,Delhi,Freelancer,0.26,0.52,0.96,0.72,0
381,User381,user381@example.com,9876500381,49,Chennai,Driver,0.27,0.83,0.39,0.08,0
382,User382,user382@example.com,9876500382,44,Bangalore,Freelancer,0.26,0.98,0.04,0.06,0
383,User383,user383@example.com,9876500383,39,Delhi,Manager,0.42,0.83,0.75,0.97,0
384,User384,user384@example.com,9876500384,45,Mumbai,Manager,0.91,0.47,0.97,0.56,1
385,User385,user385@example.com,9876500385,40,Kolkata,Manager,0.27,0.38,0.53,0.11,0
386,User386,user386@example.com,9876500386,38,Kolkata,Teacher,0.26,0.68,0.38,0.19,0
387,User387,user387@example.com,9876500387,43,Mumbai,Teacher,0.09,0.34,0.7,0.12,0
388,User388,user388@example.com,9876500388,27,Kolkata,Freelancer,0.53,0.18,0.83,0.1,0
389,User389,user389@example.com,9876500389,31,Kolkata,Driver,0.4,0.31,0.49,0.84,0
390,User390,user390@example.com,9876500390,29,Delhi,Driver,0.94,0.96,0.49,0.61,0
391,User391,user391@example.com,9876500391,20,Delhi,Freelancer,0.54,0.41,0.05,0.67,0
392,User392,user392@example.com,9876500392,47,Mumbai,Driver,0.56,0.43,0.34,0.32,0
393,User393,user393@example.com,9876500393,45,Chennai,Freelancer,0.67,0.03,0.11,0.3,0
394,User394,user394@example.com,9876500394,47,Delhi,Manager,0.2,0.43,0.69,0.35,0
395,User395,user395@example.com,9876500395,20,Chennai,Manager,0.26,0.43,0.39,0.24,1
396,User396,user396@example.com,9876500396,45,Delhi,Driver,0.23,0.42,0.57,0.45,1
397,User397,user397@example.com,9876500397,43,Bangalore,Manager,0.21,0.78,0.67,0.42,0
398,User398,user398@example.com,9876500398,24,Kolkata,Engineer,0.81,0.92,0.51,0.18,1
399,User399,user399@example.com,9876500399,30,Bangalore,Freelancer,0.5,0.78,0.48,0.17,1
400,User400,user400@example.com,9876500400,22,Kolkata,Driver,0.75,0.96,0.53,0.5,0
401,User401,user401@example.com,9876500401,41,Chennai,Engineer,0.44,0.16,0.66,0.58,0
402,User402,user402@example.com,9876500402,26,Delhi,Engineer,0.04,0.02,0.14,0.85,0
403,User403,user403@example.com,9876500403,42,Kolkata,Freelancer,0.07,0.59,0.66,0.22,0
404,User404,user404@example.com,9876500404,31,Kolkata,Manager,0.86,0.66,0.34,0.64,0
405,User405,user405@example.com,9876500405,41,Bangalore,Manager,0.59,0.77,0.42,0.29,0
406,User406,user406@example.com,9876500406,36,Delhi,Freelancer,0.41,0.17,0.09,0.88,0
407,User407,user407@example.com,9876500407,27,Bangalore,Freelancer,0.41,0.41,0.98,0.14,0
408,User408,user408@example.com,9876500408,32,Kolkata,Teacher,0.54,0.75,0.2,0.07,0
409,User409,user409@example.com,9876500409,24,Mumbai,Freelancer,0.74,0.93,0.39,0.55,1
410,User410,user410@example.com,9876500410,35,Mumbai,Freelancer,0.81,0.02,0.81,0.68,1
411,User411,user411@example.com,9876500411,27,Delhi,Freelancer,0.19,0.57,0.45,0.72,0
412,User412,user412@example.com,9876500412,28,Kolkata,Teacher,0.49,0.55,0.32,0.43,0
413,User413,user413@example.com,9876500413,43,Mumbai,Manager,0.16,0.86,0.18,0.89,0
414,User414,user414@example.com,9876500414,21,Mumbai,Engineer,0.68,0.52,0.58,0.09,0
415,User415,user415@example.com,9876500415,42,Mumbai,Engineer,0.9,0.67,0.61,0.46,0
416,User416,user416@example.com,9876500416,49,Kolkata,Freelancer,0.82,0.4,0.46,0.12,0
417,User417,user417@example.com,9876500417,22,Mumbai,Engineer,0.26,0.91,0.67,0.04,0
418,User418,user418@example.com,9876500418,34,Delhi,Teacher,0.93,0.18,0.24,0.41,0
419,User419,user419@example.com,9876500419,37,Delhi,Driver,0.96,0.88,0.61,0.81,1
420,User420,user420@example.com,9876500420,28,Delhi,Engineer,0.68,0.53,0.14,0.69,0
421,User421,user421@example.com,9876500421,43,Mumbai,Manager,0.34,0.23,0.9,0.73,1
422,User422,user422@example.com,9876500422,47,Kolkata,Manager,0.87,0.13,0.13,0.74,1
423,User423,user423@example.com,9876500423,32,Kolkata,Driver,0.79,0.65,0.01,0.83,0
424,User424,user424@example.com,9876500424,47,Chennai,Teacher,0.75,0.66,0.56,0.82,0
425,User425,user425@example.com,9876500425,44,Kolkata,Teacher,0.02,0.85,0.03,0.64,1
426,User426,user426@example.com,9876500426,36,Kolkata,Manager,0.61,0.75,0.75,0.22,0
427,User427,user427@example.com,9876500427,27,Chennai,Manager,0.12,0.04,0.23,0.53,0
428,User428,user428@example.com,9876500428,39,Delhi,Driver,0.63,0.74,0.43,0.75,0
429,User429,user429@example.com,9876500429,37,Mumbai,Freelancer,0.4,0.49,0.63,0.51,0
430,User430,user430@example.com,9876500430,38,Bangalore,Engineer,0.72,0.71,0.26,0.13,0
431,User431,user431@example.com,9876500431,31,Kolkata,Manager,0.44,0.48,0.63,0.87,0
432,User432,user432@example.com,9876500432,21,Bangalore,Freelancer,0.58,0.71,0.51,0.69,0
433,User433,user433@example.com,9876500433,27,Mumbai,Freelancer,0.15,0.33,0.1,0.04,0
434,User434,user434@example.com,9876500434,35,Kolkata,Manager,0.32,0.9,0.91,0.6,0
435,User435,user435@example.com,9876500435,44,Bangalore,Freelancer,0.94,0.5,0.2,0.18,0
436,User436,user436@example.com,9876500436,25,Mumbai,Manager,0.99,0.18,0.32,0.02,1
437,User437,user437@example.com,9876500437,35,Chennai,Teacher,0.82,0.16,0.65,0.7,0
438,User438,user438@example.com,9876500438,42,Delhi,Driver,0.53,0.02,0.83,0.68,0
439,User439,user439@example.com,9876500439,20,Kolkata,Teacher,0.86,0.09,0.59,0.87,0
440,User440,user440@example.com,9876500440,38,Bangalore,Driver,0.22,0.52,0.82,0.96,0
441,User441,user441@example.com,9876500441,46,Kolkata,Teacher,0.98,0.77,0.09,0.47,0
442,User442,user442@example.com,9876500442,30,Delhi,Freelancer,0.09,0.52,0.85,0.1,0
443,User443,user443@example.com,9876500443,37,Delhi,Teacher,0.6,0.41,0.31,0.78,0
444,User444,user444@example.com,9876500444,38,Delhi,Teacher,0.09,0.33,0.88,0.37,0
445,User445,user445@example.com,9876500445,38,Mumbai,Freelancer,0.8,0.41,0.13,0.24,0
446,User446,user446@example.com,9876500446,24,Bangalore,Freelancer,0.68,0.33,0.71,0.77,0
447,User447,user447@example.com,9876500447,45,Mumbai,Manager,0.52,0.0,0.59,0.57,0
448,User448,user448@example.com,9876500448,46,Delhi,Freelancer,0.34,0.54,0.06,0.63,1
449,User449,user449@example.com,9876500449,42,Bangalore,Teacher,0.79,0.1,0.63,0.06,0
450,User450,user450@example.com,9876500450,39,Delhi,Teacher,0.66,0.38,0.31,0.6,0
451,User451,user451@example.com,9876500451,23,Chennai,Teacher,0.66,0.86,0.85,0.69,0
452,User452,user452@example.com,9876500452,43,Delhi,Teacher,0.61,0.94,0.58,0.84,1
453,User453,user453@example.com,9876500453,39,Delhi,Manager,0.29,0.94,0.41,0.57,1
454,User454,user454@example.com,9876500454,40,Bangalore,Teacher,0.4,0.06,0.0,0.26,0
455,User455,user455@example.com,9876500455,47,Mumbai,Freelancer,0.2,0.79,0.66,0.15,1
456,User456,user456@example.com,9876500456,31,Mumbai,Freelancer,0.53,0.44,0.13,0.63,1
457,User457,user457@example.com,9876500457,35,Mumbai,Teacher,0.36,0.52,0.05,0.88,0
458,User458,user458@example.com,9876500458,46,Delhi,Driver,0.29,0.11,0.8,0.44,0
459,User459,user459@example.com,9876500459,39,Bangalore,Driver,0.24,0.67,0.73,0.64,1
460,User460,user460@example.com,9876500460,42,Bangalore,Teacher,0.82,0.13,0.41,0.12,0
461,User461,user461@example.com,9876500461,45,Kolkata,Freelancer,0.11,0.92,0.63,0.42,0
462,User462,user462@example.com,9876500462,35,Mumbai,Freelancer,0.57,0.5,0.87,0.44,1
463,User463,user463@example.com,9876500463,48,Mumbai,Teacher,0.2,0.54,0.5,0.0,0
464,User464,user464@example.com,9876500464,26,Kolkata,Teacher,0.62,0.32,0.67,0.91,0
465,User465,user465@example.com,9876500465,49,Bangalore,Manager,0.95,0.87,0.04,0.04,0
466,User466,user466@example.com,9876500466,37,Kolkata,Engineer,0.02,0.12,0.03,0.86,0
467,User467,user467@example.com,9876500467,35,Delhi,Teacher,0.69,0.21,0.52,0.99,1
468,User468,user468@example.com,9876500468,44,Delhi,Driver,0.79,0.75,0.75,0.37,0
469,User469,user469@example.com,9876500469,27,Mumbai,Manager,0.12,0.83,0.82,0.22,1
470,User470,user470@example.com,9876500470,42,Kolkata,Driver,0.22,0.08,0.53,0.64,0
471,User471,user471@example.com,9876500471,26,Bangalore,Manager,0.28,0.04,0.63,0.26,0
472,User472,user472@example.com,9876500472,41,Chennai,Manager,0.43,0.29,0.84,0.81,0
473,User473,user473@example.com,9876500473,49,Kolkata,Driver,0.86,0.86,0.02,0.41,0
474,User474,user474@example.com,9876500474,33,Delhi,Teacher,0.78,0.42,0.97,0.28,1
475,User475,user475@example.com,9876500475,23,Mumbai,Teacher,0.86,0.77,0.84,0.26,0
476,User476,user476@example.com,9876500476,21,Delhi,Manager,0.29,0.55,0.25,0.09,0
477,User477,user477@example.com,9876500477,28,Mumbai,Freelancer,0.45,0.92,0.87,0.98,1
478,User478,user478@example.com,9876500478,36,Delhi,Engineer,0.03,0.25,0.12,0.75,0
479,User479,user479@example.com,9876500479,29,Kolkata,Driver,0.04,0.49,0.04,0.46,0
480,User480,user480@example.com,9876500480,22,Kolkata,Freelancer,0.38,0.08,0.7,0.11,0
481,User481,user481@example.com,9876500481,44,Delhi,Teacher,0.91,0.46,0.37,0.42,1
482,User482,user482@example.com,9876500482,28,Kolkata,Manager,0.24,0.88,0.54,0.38,0
483,User483,user483@example.com,9876500483,48,Kolkata,Engineer,0.77,0.41,0.08,0.39,0
484,User484,user484@example.com,9876500484,46,Mumbai,Manager,0.11,0.3,0.92,0.92,0
485,User485,user485@example.com,9876500485,42,Delhi,Manager,0.88,0.72,0.47,0.19,1
486,User486,user486@example.com,9876500486,43,Chennai,Teacher,0.91,0.92,0.28,0.1,1
487,User487,user487@example.com,9876500487,20,Chennai,Manager,0.03,0.91,0.58,0.8,1
488,User488,user488@example.com,9876500488,33,Bangalore,Teacher,0.17,0.65,0.66,0.24,0
489,User489,user489@example.com,9876500489,22,Delhi,Driver,0.7,0.31,0.81,0.6,0
490,User490,user490@example.com,9876500490,36,Mumbai,Driver,0.7,0.22,0.49,0.86,0
491,User491,user491@example.com,9876500491,44,Bangalore,Teacher,0.32,0.97,0.39,0.11,0
492,User492,user492@example.com,9876500492,25,Kolkata,Teacher,0.51,0.71,0.4,0.37,0
493,User493,user493@example.com,9876500493,27,Kolkata,Freelancer,0.03,0.54,0.88,0.6,1
494,User494,user494@example.com,9876500494,20,Kolkata,Driver,0.95,0.34,0.41,0.73,0
495,User495,user495@example.com,9876500495,40,Chennai,Freelancer,0.16,0.45,0.46,0.61,0
496,User496,user496@example.com,9876500496,40,Bangalore,Teacher,0.39,0.2,0.43,0.14,0
497,User497,user497@example.com,9876500497,29,Chennai,Driver,0.63,0.6,0.88,0.58,0
498,User498,user498@example.com,9876500498,48,Chennai,Engineer,0.2,0.48,0.91,0.15,1
499,User499,user499@example.com,9876500499,44,Delhi,Manager,0.91,0.94,0.27,0.82,1
500,User500,user500@example.com,9876500500,32,Delhi,Teacher,0.13,0.27,0.59,0.02,0
